[{"model": "admin.logentry", "pk": 1, "fields": {"action_time": "2021-09-16T21:19:28.742Z", "user": 1, "content_type": 7, "object_id": "1", "object_repr": "Area Gerencial", "action_flag": 1, "change_message": "[{\"added\": {}}]"}}, {"model": "admin.logentry", "pk": 2, "fields": {"action_time": "2021-09-16T21:19:37.318Z", "user": 1, "content_type": 7, "object_id": "2", "object_repr": "Area Contable", "action_flag": 1, "change_message": "[{\"added\": {}}]"}}, {"model": "admin.logentry", "pk": 3, "fields": {"action_time": "2021-09-16T21:19:54.765Z", "user": 1, "content_type": 7, "object_id": "3", "object_repr": "Area Administrativa", "action_flag": 1, "change_message": "[{\"added\": {}}]"}}, {"model": "admin.logentry", "pk": 4, "fields": {"action_time": "2021-09-16T21:20:09.410Z", "user": 1, "content_type": 7, "object_id": "4", "object_repr": "Servicio de mantenimiento", "action_flag": 1, "change_message": "[{\"added\": {}}]"}}, {"model": "admin.logentry", "pk": 5, "fields": {"action_time": "2021-09-16T21:20:35.465Z", "user": 1, "content_type": 8, "object_id": "1", "object_repr": "Linux", "action_flag": 1, "change_message": "[{\"added\": {}}]"}}, {"model": "admin.logentry", "pk": 6, "fields": {"action_time": "2021-09-16T21:20:40.024Z", "user": 1, "content_type": 8, "object_id": "2", "object_repr": "Docencia", "action_flag": 1, "change_message": "[{\"added\": {}}]"}}, {"model": "admin.logentry", "pk": 7, "fields": {"action_time": "2021-09-16T21:20:47.223Z", "user": 1, "content_type": 8, "object_id": "3", "object_repr": "Trabajo en equipo", "action_flag": 1, "change_message": "[{\"added\": {}}]"}}, {"model": "admin.logentry", "pk": 8, "fields": {"action_time": "2021-09-16T21:20:49.779Z", "user": 1, "content_type": 9, "object_id": "1", "object_repr": "Romano, Luis", "action_flag": 1, "change_message": "[{\"added\": {}}]"}}, {"model": "admin.logentry", "pk": 9, "fields": {"action_time": "2021-09-16T21:21:11.489Z", "user": 1, "content_type": 9, "object_id": "2", "object_repr": "Ramirez, Ramiro", "action_flag": 1, "change_message": "[{\"added\": {}}]"}}, {"model": "admin.logentry", "pk": 10, "fields": {"action_time": "2021-09-16T21:21:52.112Z", "user": 1, "content_type": 9, "object_id": "3", "object_repr": "Gonzales, Alberto", "action_flag": 1, "change_message": "[{\"added\": {}}]"}}, {"model": "admin.logentry", "pk": 11, "fields": {"action_time": "2021-09-16T21:22:21.246Z", "user": 1, "content_type": 8, "object_id": "4", "object_repr": "Hablar mucho", "action_flag": 1, "change_message": "[{\"added\": {}}]"}}, {"model": "admin.logentry", "pk": 12, "fields": {"action_time": "2021-09-16T21:22:24.593Z", "user": 1, "content_type": 9, "object_id": "4", "object_repr": "Caniggia, Alexander", "action_flag": 1, "change_message": "[{\"added\": {}}]"}}, {"model": "admin.logentry", "pk": 13, "fields": {"action_time": "2021-09-16T21:22:59.232Z", "user": 1, "content_type": 9, "object_id": "5", "object_repr": "Perez, Pablo", "action_flag": 1, "change_message": "[{\"added\": {}}]"}}, {"model": "admin.logentry", "pk": 14, "fields": {"action_time": "2021-09-16T21:23:21.677Z", "user": 1, "content_type": 9, "object_id": "6", "object_repr": "Juarez, Juan", "action_flag": 1, "change_message": "[{\"added\": {}}]"}}, {"model": "admin.logentry", "pk": 15, "fields": {"action_time": "2021-09-17T21:19:34.680Z", "user": 1, "content_type": 9, "object_id": "6", "object_repr": "Juarez, Juan", "action_flag": 2, "change_message": "[{\"changed\": {\"fields\": [\"Imagen\"]}}]"}}, {"model": "admin.logentry", "pk": 16, "fields": {"action_time": "2021-09-17T21:20:32.284Z", "user": 1, "content_type": 9, "object_id": "9", "object_repr": "Fernandez, Rosalia", "action_flag": 1, "change_message": "[{\"added\": {}}]"}}, {"model": "auth.user", "pk": 1, "fields": {"password": "pbkdf2_sha256$260000$3KYrmskh6In3HModJTtunu$R3LqMEoQ1GkW3MwaXNdch6bilmLc6aO7TzYUq6xyR2w=", "last_login": "2021-09-16T21:19:08.699Z", "is_superuser": true, "username": "lromano", "first_name": "", "last_name": "", "email": "luisromano@gmail.com", "is_staff": true, "is_active": true, "date_joined": "2021-09-16T21:18:51.540Z", "groups": [], "user_permissions": []}}, {"model": "sessions.session", "pk": "iugjs73ty08yx3dagovtalymabsk9vtb", "fields": {"session_data": ".eJxVjMsOwiAQRf-FtSE8hjq4dO83kCkwUjWQlHZl_HfbpAvd3nPOfYtA61LC2vMcpiQuQovT7zZSfOa6g_Sgem8ytrrM0yh3RR60y1tL-XU93L-DQr1sNeqsNZw1MXsEC85YZWI2SQEnC2gdIjOhcQNbUuSJlRo2COAdIIrPF7z4Nrg:1mQymi:Kvy8z3MpTmOrPvRDD8lbOYjQX0UNhv_zYRj4ueZbPcA", "expire_date": "2021-09-30T21:19:08.708Z"}}, {"model": "registro.departamento", "pk": 1, "fields": {"name": "Area Gerencial", "short_name": "Gerencia"}}, {"model": "registro.departamento", "pk": 2, "fields": {"name": "Area Contable", "short_name": "Contabilidad"}}, {"model": "registro.departamento", "pk": 3, "fields": {"name": "Area Administrativa", "short_name": "Administracion"}}, {"model": "registro.departamento", "pk": 4, "fields": {"name": "Servicio de mantenimiento", "short_name": "Mantenimiento"}}, {"model": "registro.habilidad", "pk": 1, "fields": {"habilidad": "Linux"}}, {"model": "registro.habilidad", "pk": 2, "fields": {"habilidad": "Docencia"}}, {"model": "registro.habilidad", "pk": 3, "fields": {"habilidad": "Trabajo en equipo"}}, {"model": "registro.habilidad", "pk": 4, "fields": {"habilidad": "Hablar mucho"}}, {"model": "registro.empleado", "pk": 1, "fields": {"first_name": "Luis Roberto", "last_name": "Romano", "full_name": "Luis Roberto Romano", "job": "0", "departamento": 1, "avatar": "", "habilidad": [1, 2, 3]}}, {"model": "registro.empleado", "pk": 2, "fields": {"first_name": "Ramiro", "last_name": "Ramirez", "full_name": "Ramiro Ramirez", "job": "1", "departamento": 1, "avatar": "", "habilidad": [3]}}, {"model": "registro.empleado", "pk": 4, "fields": {"first_name": "Alexander", "last_name": "Caniggia", "full_name": "", "job": "2", "departamento": 4, "avatar": "", "habilidad": [4]}}, {"model": "registro.empleado", "pk": 5, "fields": {"first_name": "Pablo", "last_name": "Perez", "full_name": "", "job": "1", "departamento": 2, "avatar": "", "habilidad": [3]}}, {"model": "registro.empleado", "pk": 6, "fields": {"first_name": "Juan", "last_name": "Juarez", "full_name": "", "job": "2", "departamento": 4, "avatar": "registro/chico.jpeg", "habilidad": [3]}}, {"model": "registro.empleado", "pk": 7, "fields": {"first_name": "Rogelio", "last_name": "Funes Mori", "full_name": "Rogelio Funes Mori", "job": "1", "departamento": 1, "avatar": "", "habilidad": [1]}}, {"model": "registro.empleado", "pk": 8, "fields": {"first_name": "Juan Romàn", "last_name": "Riquelme", "full_name": "Juan Romàn Riquelme", "job": "0", "departamento": 3, "avatar": "", "habilidad": [3]}}, {"model": "registro.empleado", "pk": 9, "fields": {"first_name": "Rosalia", "last_name": "Fernandez", "full_name": "", "job": "0", "departamento": 2, "avatar": "registro/chica.jpeg", "habilidad": [3, 4]}}]